Workbook

Sheet 🏠 Dashboard
A1: 🎯 DATA SCIENCE & AI/ML — 8 MONTH DAILY TRACKER
A2: BCA/MCA Fresher → 12 LPA+ Data Science Job | 2 Hours Daily | 224 Days
A4: 📊 OVERALL PROGRESS
B5: Days Completed | D5: Days Remaining | F5: % Complete | H5: Target Package
B6: =COUNTIF('Month 1'!G:G,"✅ Done")+COUNTIF('Month 2'!G:G,"✅ Done")+COUNTIF('Month 3'!G:G,"✅ Done")+COUNTIF('Month 4'!G:G,"✅ Done")+COUNTIF('Month 5'!G:G,"✅ Done")+COUNTIF('Month 6'!G:G,"✅ Done")+COUNTIF('Month 7'!G:G,"✅ Done")+COUNTIF('Month 8'!G:G,"✅ Done") | D6: =224-B6 | F6: =B6/224 | H6: 12 LPA+
A8: 📅 MONTH-BY-MONTH PROGRESS
A9: Month | B9: Focus Area | C9: Days | D9: Done | E9: Remaining | F9: Progress % | G9: Status
A10: Month 1 | B10: Python Basics | C10: 28 | D10: =COUNTIF('Month 1'!G:G,"✅ Done") | E10: =C10-D10 | F10: =D10/C10 | G10: =IF(D10=C10,"✅ Complete",IF(D10=0,"⬜ Not Started","🔄 In Progress"))
A11: Month 2 | B11: Python OOP + Math | C11: 28 | D11: =COUNTIF('Month 2'!G:G,"✅ Done") | E11: =C11-D11 | F11: =D11/C11 | G11: =IF(D11=C11,"✅ Complete",IF(D11=0,"⬜ Not Started","🔄 In Progress"))
A12: Month 3 | B12: NumPy, Pandas & EDA | C12: 28 | D12: =COUNTIF('Month 3'!G:G,"✅ Done") | E12: =C12-D12 | F12: =D12/C12 | G12: =IF(D12=C12,"✅ Complete",IF(D12=0,"⬜ Not Started","🔄 In Progress"))
A13: Month 4 | B13: Machine Learning + SQL | C13: 28 | D13: =COUNTIF('Month 4'!G:G,"✅ Done") | E13: =C13-D13 | F13: =D13/C13 | G13: =IF(D13=C13,"✅ Complete",IF(D13=0,"⬜ Not Started","🔄 In Progress"))
A14: Month 5 | B14: Projects + Deployment | C14: 28 | D14: =COUNTIF('Month 5'!G:G,"✅ Done") | E14: =C14-D14 | F14: =D14/C14 | G14: =IF(D14=C14,"✅ Complete",IF(D14=0,"⬜ Not Started","🔄 In Progress"))
A15: Month 6 | B15: AI Projects + Portfolio | C15: 28 | D15: =COUNTIF('Month 6'!G:G,"✅ Done") | E15: =C15-D15 | F15: =D15/C15 | G15: =IF(D15=C15,"✅ Complete",IF(D15=0,"⬜ Not Started","🔄 In Progress"))
A16: Month 7 | B16: Certs, Resume & Apply | C16: 28 | D16: =COUNTIF('Month 7'!G:G,"✅ Done") | E16: =C16-D16 | F16: =D16/C16 | G16: =IF(D16=C16,"✅ Complete",IF(D16=0,"⬜ Not Started","🔄 In Progress"))
A17: Month 8 | B17: Interview Prep & Offers | C17: 28 | D17: =COUNTIF('Month 8'!G:G,"✅ Done") | E17: =C17-D17 | F17: =D17/C17 | G17: =IF(D17=C17,"✅ Complete",IF(D17=0,"⬜ Not Started","🔄 In Progress"))
A19: 💡 HOW TO USE THIS TRACKER
A20: 1️⃣ Go to the Month sheet (e.g. 'Month 1') and find today's day.
A21: 2️⃣ In the STATUS column, click the cell and select ✅ Done from the dropdown.
A22: 3️⃣ The row will automatically turn GREEN and your progress updates here on the Dashboard!
A23: 4️⃣ Come to Claude daily and say 'Teach me Day X' — Claude will explain the topic with real-life examples.
A24: 5️⃣ Every Sunday = Revision Day. Never skip 2 days in a row. Consistency beats intensity!

Sheet Month 1
A1: 📅 Month 1: Python Basics — Data Science Roadmap
A2: Days in this month: 28 | C2: =COUNTIF(G:G,"✅ Done") | E2: =28-C2 | G2: =C2/28
A3: Day # | B3: Week | C3: Topic Area | D3: Subject | E3: What To Do Today | F3: Time | G3: Status | H3: Notes
A4: 1 | B4: W1 | C4: Getting Started | D4: Intro + Install Python | E4: Install Python & VS Code. Run Hello World | F4: 2 hrs | G4: ⬜ Not Started
A5: 2 | B5: W1 | C5: Getting Started | D5: Variables | E5: Learn int, float, string, bool | F5: 2 hrs | G5: ⬜ Not Started
A6: 3 | B6: W1 | C6: Getting Started | D6: Input / Output | E6: Take user input, print with f-strings | F6: 2 hrs | G6: ⬜ Not Started
A7: 4 | B7: W1 | C7: Getting Started | D7: Operators | E7: Arithmetic, Comparison operators | F7: 2 hrs | G7: ⬜ Not Started
A8: 5 | B8: W1 | C8: Getting Started | D8: Practice | E8: Build a simple calculator program | F8: 2 hrs | G8: ⬜ Not Started
A9: 6 | B9: W1 | C9: Getting Started | D9: Strings | E9: Slicing, upper/lower, len(), replace() | F9: 2 hrs | G9: ⬜ Not Started
A10: 7 | B10: W1 | C10: Getting Started | D10: Revision | E10: Revise Week 1, solve 5 problems on HackerRank | F10: 2 hrs | G10: ⬜ Not Started
A11: 8 | B11: W2 | C11: Control Flow | D11: If / Elif / Else | E11: Decision making with conditions | F11: 2 hrs | G11: ⬜ Not Started
A12: 9 | B12: W2 | C12: Control Flow | D12: For Loops | E12: Loop through lists, ranges, print tables | F12: 2 hrs | G12: ⬜ Not Started
A13: 10 | B13: W2 | C13: Control Flow | D13: While Loops | E13: Repeat while condition is true | F13: 2 hrs | G13: ⬜ Not Started
A14: 11 | B14: W2 | C14: Control Flow | D14: Nested Loops | E14: Loop inside a loop, print patterns | F14: 2 hrs | G14: ⬜ Not Started
A15: 12 | B15: W2 | C15: Control Flow | D15: Break & Continue | E15: Exit loops early or skip iterations | F15: 2 hrs | G15: ⬜ Not Started
... A31: 28 | B31: W4 | C31: Data Structures | D31: Revision | E31: Revise all data structures + practice problems | F31: 2 hrs | G31: ⬜ Not Started

Sheet Month 2
A1: 📅 Month 2: Python OOP + Math — Data Science Roadmap
A2: Days in this month: 28 | C2: =COUNTIF(G:G,"✅ Done") | E2: =28-C2 | G2: =C2/28
A3: Day # | B3: Week | C3: Topic Area | D3: Subject | E3: What To Do Today | F3: Time | G3: Status | H3: Notes
A4: 29 | B4: W5 | C4: OOP | D4: Classes & Objects | E4: Define class, create objects, __init__ method | F4: 2 hrs | G4: ⬜ Not Started
A5: 30 | B5: W5 | C5: OOP | D5: Attributes & Methods | E5: Instance variables, self keyword | F5: 2 hrs | G5: ⬜ Not Started
A6: 31 | B6: W5 | C6: OOP | D6: Inheritance | E6: Child class inherits from parent | F6: 2 hrs | G6: ⬜ Not Started
A7: 32 | B7: W5 | C7: OOP | D7: Polymorphism | E7: Same method name, different behavior | F7: 2 hrs | G7: ⬜ Not Started
A8: 33 | B8: W5 | C8: OOP | D8: Encapsulation | E8: Private variables using _ and __ prefix | F8: 2 hrs | G8: ⬜ Not Started
A9: 34 | B9: W5 | C9: OOP | D9: Practice | E9: Build: Bank Account class with deposit/withdraw | F9: 2 hrs | G9: ⬜ Not Started
A10: 35 | B10: W5 | C10: OOP | D10: Revision | E10: Revise OOP concepts + solve 5 OOP problems | F10: 2 hrs | G10: ⬜ Not Started
A11: 36 | B11: W6 | C11: File & Error Handling | D11: File Read/Write | E11: open(), read(), write(), with statement | F11: 2 hrs | G11: ⬜ Not Started
A12: 37 | B12: W6 | C12: File & Error Handling | D12: CSV Files | E12: Read/write CSV using csv module | F12: 2 hrs | G12: ⬜ Not Started
A13: 38 | B13: W6 | C13: File & Error Handling | D13: JSON Files | E13: Read/write JSON — API data format | F13: 2 hrs | G13: ⬜ Not Started
A14: 39 | B14: W6 | C14: File & Error Handling | D14: Try/Except | E14: Handle errors, common exceptions | F14: 2 hrs | G14: ⬜ Not Started
A15: 40 | B15: W6 | C15: File & Error Handling | D15: Custom Exceptions | E15: Custom exceptions, finally block | F15: 2 hrs | G15: ⬜ Not Started
... A31: 56 | B31: W8 | C31: Linear Algebra | D31: Month 2 Review | E31: Review all Month 1-2 topics, make notes | F31: 2 hrs | G31: ⬜ Not Started

Sheet Month 3
A1: 📅 Month 3: NumPy, Pandas & EDA — Data Science Roadmap
A2: Days in this month: 28 | C2: =COUNTIF(G:G,"✅ Done") | E2: =28-C2 | G2: =C2/28
A3: Day # | B3: Week | C3: Topic Area | D3: Subject | E3: What To Do Today | F3: Time | G3: Status | H3: Notes
A4: 57 | B4: W9 | C4: NumPy | D4: NumPy Arrays | E4: Create arrays, indexing, slicing | F4: 2 hrs | G4: ⬜ Not Started
A5: 58 | B5: W9 | C5: NumPy | D5: Array Operations | E5: Element-wise math, broadcasting | F5: 2 hrs | G5: ⬜ Not Started
A6: 59 | B6: W9 | C6: NumPy | D6: Array Functions | E6: sum(), mean(), min(), max(), std() | F6: 2 hrs | G6: ⬜ Not Started
A7: 60 | B7: W9 | C7: NumPy | D7: Reshape & Stack | E7: reshape(), vstack(), hstack(), flatten() | F7: 2 hrs | G7: ⬜ Not Started
A8: 61 | B8: W9 | C8: NumPy | D8: Boolean Indexing | E8: Filter arrays with conditions | F8: 2 hrs | G8: ⬜ Not Started
A9: 62 | B9: W9 | C9: NumPy | D9: Practice | E9: Solve 10 NumPy exercises from w3resource | F9: 2 hrs | G9: ⬜ Not Started
A10: 63 | B10: W9 | C10: NumPy | D10: Revision | E10: Revise NumPy + document all functions | F10: 2 hrs | G10: ⬜ Not Started
A11: 64 | B11: W10 | C11: Pandas | D11: Series & DataFrame | E11: Create, read CSV, head/tail/info | F11: 2 hrs | G11: ⬜ Not Started
A12: 65 | B12: W10 | C12: Pandas | D12: Selecting Data | E12: iloc, loc, column selection, filtering rows | F12: 2 hrs | G12: ⬜ Not Started
A13: 66 | B13: W10 | C13: Pandas | D13: Cleaning Data | E13: dropna(), fillna(), duplicate removal | F13: 2 hrs | G13: ⬜ Not Started
A14: 67 | B14: W10 | C14: Pandas | D14: GroupBy | E14: Group data + calculate aggregates | F14: 2 hrs | G14: ⬜ Not Started
A15: 68 | B15: W10 | C15: Pandas | D15: Merge & Join | E15: Combine DataFrames like SQL joins | F15: 2 hrs | G15: ⬜ Not Started
... A31: 84 | B31: W12 | C31: EDA | D31: Month 3 Review | E31: Revise NumPy, Pandas, Visualization, EDA | F31: 2 hrs | G31: ⬜ Not Started

Sheet Month 4
A1: 📅 Month 4: Machine Learning + SQL — Data Science Roadmap
A2: Days in this month: 28 | C2: =COUNTIF(G:G,"✅ Done") | E2: =28-C2 | G2: =C2/28
A3: Day # | B3: Week | C3: Topic Area | D3: Subject | E3: What To Do Today | F3: Time | G3: Status | H3: Notes
A4: 85 | B4: W13 | C4: ML Basics | D4: What is ML? | E4: Types: Supervised, Unsupervised, Reinforcement | F4: 2 hrs | G4: ⬜ Not Started
A5: 86 | B5: W13 | C5: ML Basics | D5: Scikit-learn Intro | E5: train_test_split, fit, predict workflow | F5: 2 hrs | G5: ⬜ Not Started
A6: 87 | B6: W13 | C6: ML Basics | D6: Linear Regression | E6: Build a house price predictor | F6: 2 hrs | G6: ⬜ Not Started
A7: 88 | B7: W13 | C7: ML Basics | D7: Model Evaluation | E7: MSE, RMSE, R2 score | F7: 2 hrs | G7: ⬜ Not Started
A8: 89 | B8: W13 | C8: ML Basics | D8: Multiple Regression | E8: Multiple input features → one output | F8: 2 hrs | G8: ⬜ Not Started
A9: 90 | B9: W13 | C9: ML Basics | D9: Practice | E9: Predict car prices using regression | F9: 2 hrs | G9: ⬜ Not Started
A10: 91 | B10: W13 | C10: ML Basics | D10: Revision | E10: Revise regression + math behind it | F10: 2 hrs | G10: ⬜ Not Started
A11: 92 | B11: W14 | C11: Classification | D11: Logistic Regression | E11: Binary classification, sigmoid function | F11: 2 hrs | G11: ⬜ Not Started
A12: 93 | B12: W14 | C12: Classification | D12: Decision Trees | E12: Visual flowchart of decisions | F12: 2 hrs | G12: ⬜ Not Started
A13: 94 | B13: W14 | C13: Classification | D13: Random Forest | E13: 100 decision trees voting together | F13: 2 hrs | G13: ⬜ Not Started
A14: 95 | B14: W14 | C14: Classification | D14: K-Nearest Neighbors | E14: Classify based on nearest similar examples | F14: 2 hrs | G14: ⬜ Not Started
A15: 96 | B15: W14 | C15: Classification | D15: Model Evaluation | E15: Accuracy, Precision, Recall, F1, Confusion Matrix | F15: 2 hrs | G15: ⬜ Not Started
... A31: 112 | B31: W16 | C31: Unsupervised ML | D31: Month 4 Review | E31: Revise all ML algorithms + comparison notes | F31: 2 hrs | G31: ⬜ Not Started

Sheet Month 5
A1: 📅 Month 5: Projects + Deployment — Data Science Roadmap
A2: Days in this month: 28 | C2: =COUNTIF(G:G,"✅ Done") | E2: =28-C2 | G2: =C2/28
A3: Day # | B3: Week | C3: Topic Area | D3: Subject | E3: What To Do Today | F3: Time | G3: Status | H3: Notes
A4: 113 | B4: W17 | C4: Project 1: EDA | D4: Choose Dataset | E4: Pick from: IPL, COVID, Zomato, Netflix | F4: 2 hrs | G4: ⬜ Not Started
A5: 114 | B5: W17 | C5: Project 1: EDA | D5: Data Cleaning | E5: Handle nulls, duplicates, data types | F5: 2 hrs | G5: ⬜ Not Started
A6: 115 | B6: W17 | C6: Project 1: EDA | D6: Univariate EDA | E6: Analyze each column individually | F6: 2 hrs | G6: ⬜ Not Started
A7: 116 | B7: W17 | C7: Project 1: EDA | D7: Bivariate EDA | E7: Find relationships between columns | F7: 2 hrs | G7: ⬜ Not Started
A8: 117 | B8: W17 | C8: Project 1: EDA | D8: Insights Report | E8: Write 10 key business insights | F8: 2 hrs | G8: ⬜ Not Started
A9: 118 | B9: W17 | C9: Project 1: EDA | D9: GitHub Upload | E9: Create repo, write README, push code | F9: 2 hrs | G9: ⬜ Not Started
A10: 119 | B10: W17 | C10: Project 1: EDA | D10: LinkedIn Post | E10: Post project on LinkedIn | F10: 2 hrs | G10: ⬜ Not Started
A11: 120 | B11: W18 | C11: Project 2: ML | D11: EDA Review | E11: Get feedback, improve visualizations | F11: 2 hrs | G11: ⬜ Not Started
A12: 121 | B12: W18 | C12: Project 2: ML | D12: Project 2 Plan | E12: Choose ML dataset: house prices, salary | F12: 2 hrs | G12: ⬜ Not Started
A13: 122 | B13: W18 | C13: Project 2: ML | D13: Data Prep for ML | E13: Feature selection, encoding, scaling | F13: 2 hrs | G13: ⬜ Not Started
A14: 123 | B14: W18 | C14: Project 2: ML | D14: Label Encoding | E14: Convert categories to numbers for ML | F14: 2 hrs | G14: ⬜ Not Started
A15: 124 | B15: W18 | C15: Project 2: ML | D15: Feature Scaling | E15: StandardScaler, MinMaxScaler | F15: 2 hrs | G15: ⬜ Not Started
... A31: 140 | B31: W20 | C31: Deployment | D31: Month 5 Review | E31: Review projects, make interview-ready | F31: 2 hrs | G31: ⬜ Not Started

Sheet Month 6
A1: 📅 Month 6: AI Projects + Portfolio — Data Science Roadmap
A2: Days in this month: 28 | C2: =COUNTIF(G:G,"✅ Done") | E2: =28-C2 | G2: =C2/28
A3: Day # | B3: Week | C3: Topic Area | D3: Subject | E3: What To Do Today | F3: Time | G3: Status | H3: Notes
A4: 141 | B4: W21 | C4: NLP Basics | D4: NLP Introduction | E4: Tokenization, stopwords, stemming | F4: 2 hrs | G4: ⬜ Not Started
A5: 142 | B5: W21 | C5: NLP Basics | D5: Text Cleaning | E5: Remove punctuation, lowercase, clean pipeline | F5: 2 hrs | G5: ⬜ Not Started
A6: 143 | B6: W21 | C6: NLP Basics | D6: Bag of Words | E6: Convert text to numbers for ML | F6: 2 hrs | G6: ⬜ Not Started
A7: 144 | B7: W21 | C7: NLP Basics | D7: TF-IDF | E7: Better text representation | F7: 2 hrs | G7: ⬜ Not Started
A8: 145 | B8: W21 | C8: NLP Basics | D8: Sentiment Analysis | E8: Classify reviews as Positive/Negative | F8: 2 hrs | G8: ⬜ Not Started
A9: 146 | B9: W21 | C9: NLP Basics | D9: Practice | E9: Build: Movie review sentiment analyzer | F9: 2 hrs | G9: ⬜ Not Started
A10: 147 | B10: W21 | C10: NLP Basics | D10: Revision | E10: Revise NLP pipeline + key concepts | F10: 2 hrs | G10: ⬜ Not Started
A11: 148 | B11: W22 | C11: Deep Learning | D11: Neural Network Basics | E11: Layers, neurons, weights, activation functions | F11: 2 hrs | G11: ⬜ Not Started
A12: 149 | B12: W22 | C12: Deep Learning | D12: Keras + TensorFlow | E12: Build first neural network in 10 lines | F12: 2 hrs | G12: ⬜ Not Started
A13: 150 | B13: W22 | C13: Deep Learning | D13: Training a NN | E13: Forward pass, loss, backpropagation | F13: 2 hrs | G13: ⬜ Not Started
A14: 151 | B14: W22 | C14: Deep Learning | D14: Image Classification | E14: Build MNIST digit recognizer | F14: 2 hrs | G14: ⬜ Not Started
A15: 152 | B15: W22 | C15: Deep Learning | D15: Dropout & BatchNorm | E15: Prevent overfitting in deep learning | F15: 2 hrs | G15: ⬜ Not Started
... A31: 168 | B31: W24 | C31: Portfolio Building | D31: Month 6 Review | E31: Review all 3 projects, polish everything | F31: 2 hrs | G31: ⬜ Not Started

Sheet Month 7
A1: 📅 Month 7: Certs, Resume & Apply — Data Science Roadmap
A2: Days in this month: 28 | C2: =COUNTIF(G:G,"✅ Done") | E2: =28-C2 | G2: =C2/28
A3: Day # | B3: Week | C3: Topic Area | D3: Subject | E3: What To Do Today | F3: Time | G3: Status | H3: Notes
A4: 169 | B4: W25 | C4: Certifications | D4: Google Data Analytics | E4: Start Google Data Analytics Cert Coursera | F4: 2 hrs | G4: ⬜ Not Started
A5: 170 | B5: W25 | C5: Certifications | D5: Continue Cert | E5: Complete Week 1-2 modules | F5: 2 hrs | G5: ⬜ Not Started
A6: 171 | B6: W25 | C6: Certifications | D6: Continue Cert | E6: Complete Week 3-4 modules | F6: 2 hrs | G6: ⬜ Not Started
A7: 172 | B7: W25 | C7: Certifications | D7: Kaggle Micro-Courses | E7: Complete: Pandas, ML Intro, Feature Engineering | F7: 2 hrs | G7: ⬜ Not Started
A8: 173 | B8: W25 | C8: Certifications | D8: Kaggle Micro-Courses | E8: Complete: Data Viz, SQL, Intermediate ML | F8: 2 hrs | G8: ⬜ Not Started
A9: 174 | B9: W25 | C9: Certifications | D9: Python Certificate | E9: HackerRank Python certificate | F9: 2 hrs | G9: ⬜ Not Started
A10: 175 | B10: W25 | C10: Certifications | D10: Compile Certs | E10: Download all certs, add to LinkedIn & Resume | F10: 2 hrs | G10: ⬜ Not Started
A11: 176 | B11: W26 | C11: Resume Building | D11: Resume Template | E11: Use Jake's Resume or Overleaf DS template | F11: 2 hrs | G11: ⬜ Not Started
A12: 177 | B12: W26 | C12: Resume Building | D12: Write Projects Section | E12: Add 3 projects with tools + results + links | F12: 2 hrs | G12: ⬜ Not Started
A13: 178 | B13: W26 | C13: Resume Building | D13: Skills Section | E13: Python, SQL, Pandas, Scikit-learn, Git | F13: 2 hrs | G13: ⬜ Not Started
A14: 179 | B14: W26 | C14: Resume Building | D14: Quantify Everything | E14: Add numbers: 92% accuracy, 50K rows dataset | F14: 2 hrs | G14: ⬜ Not Started
A15: 180 | B15: W26 | C15: Resume Building | D15: Review Resume | E15: Get feedback from DS communities on Reddit | F15: 2 hrs | G15: ⬜ Not Started
... A31: 196 | B31: W28 | C31: Start Applying | D31: Month 7 Review | E31: Review: 50+ applications sent, resume polished | F31: 2 hrs | G31: ⬜ Not Started

Sheet Month 8
A1: 📅 Month 8: Interview Prep & Offers — Data Science Roadmap
A2: Days in this month: 28 | C2: =COUNTIF(G:G,"✅ Done") | E2: =28-C2 | G2: =C2/28
A3: Day # | B3: Week | C3: Topic Area | D3: Subject | E3: What To Do Today | F3: Time | G3: Status | H3: Notes
A4: 197 | B4: W29 | C4: Stats & ML Questions | D4: Stats Questions | E4: Mean vs Median, CLT, p-value | F4: 2 hrs | G4: ⬜ Not Started
A5: 198 | B5: W29 | C5: Stats & ML Questions | D5: Probability Questions | E5: Conditional probability, Bayes theorem | F5: 2 hrs | G5: ⬜ Not Started
A6: 199 | B6: W29 | C6: Stats & ML Questions | D6: ML Concepts | E6: Bias-variance, overfitting, regularization | F6: 2 hrs | G6: ⬜ Not Started
A7: 200 | B7: W29 | C7: Stats & ML Questions | D7: Algorithm Questions | E7: Explain each algorithm: how it works + when | F7: 2 hrs | G7: ⬜ Not Started
A8: 201 | B8: W29 | C8: Stats & ML Questions | D8: Case Study Practice | E8: Business problem: What data? What model? | F8: 2 hrs | G8: ⬜ Not Started
A9: 202 | B9: W29 | C9: Stats & ML Questions | D9: Mock Interview 1 | E9: Take a mock DS interview on Pramp | F9: 2 hrs | G9: ⬜ Not Started
A10: 203 | B10: W29 | C10: Stats & ML Questions | D10: Review Mistakes | E10: Revisit all questions you got wrong | F10: 2 hrs | G10: ⬜ Not Started
A11: 204 | B11: W30 | C11: HR & Projects | D11: Project Script | E11: Write 3-min explanation for each project | F11: 2 hrs | G11: ⬜ Not Started
A12: 205 | B12: W30 | C12: HR & Projects | D12: Practice Explaining | E12: Record yourself explaining projects | F12: 2 hrs | G12: ⬜ Not Started
A13: 206 | B13: W30 | C13: HR & Projects | D13: Tough Questions | E13: Prepare: What would you do differently? | F13: 2 hrs | G13: ⬜ Not Started
A14: 207 | B14: W30 | C14: HR & Projects | D14: HR Questions | E14: Tell me about yourself, strengths, goals | F14: 2 hrs | G14: ⬜ Not Started
A15: 208 | B15: W30 | C15: HR & Projects | D15: Salary Negotiation | E15: Research market rate, practice negotiation | F15: 2 hrs | G15: ⬜ Not Started
... A31: 224 | B31: W32 | C31: Final Push | D31: FINAL DAY 🎉 | E31: Review your 8-month journey. You did it! | F31: 2 hrs | G31: ⬜ Not Started
